ID,ID.side,Sex,Sex1,YEAR1,YEARLAST,ANIMAL_YRS,N
1,1-LEFT,MaleM,UNK,1989,2003,14,30
1,1-RIGHT,MaleM,UNK,1989,2003,14,26
10,10-LEFT,MaleM,UNK,1989,2011,22,17
10,10-RIGHT,MaleM,UNK,1989,2002,13,19
100,100-RIGHT,UNK,UNK,1989,1989,0,2
1000,1000-RIGHT,FemaleJ,Female,1996,1997,1,4
1007,1007-RIGHT,UNK,UNK,1996,1996,0,1
1009,1009-LEFT,UNK,UNK,1996,1996,0,4
1009,1009-RIGHT,UNK,UNK,1996,1996,0,2
101,101-LEFT,MaleM,UNK,1989,1990,1,5
101,101-RIGHT,MaleM,UNK,1990,1990,0,4
1016,1016-LEFT,UNK,UNK,1996,1996,0,2
1019,1019-LEFT,UNK,UNK,1996,2002,6,12
1019,1019-RIGHT,UNK,UNK,1996,2002,6,11
102,102-LEFT,Female,UNK,1989,2019,30,3
102,102-LEFT,MaleM,Male,1989,2019,30,48
102,102-RIGHT,Female,UNK,1990,2019,29,3
102,102-RIGHT,MaleM,Male,1990,2019,29,37
1020,1020-LEFT,UNK,UNK,1996,1997,1,6
1022,1022-RIGHT,UNK,UNK,1996,1999,3,7
1023,1023-LEFT,UNK,UNK,1996,1996,0,3
1023,1023-RIGHT,UNK,UNK,1996,1996,0,3
1025,1025-LEFT,UNK,UNK,1996,2010,14,6
1025,1025-RIGHT,UNK,UNK,1996,1996,0,3
1030,1030-RIGHT,UNK,UNK,1996,1996,0,4
1032,1032-RIGHT,UNK,UNK,1996,1996,0,3
104,104-RIGHT,UNK,UNK,1989,1990,1,6
1040,1040-LEFT,UNK,UNK,1996,1999,3,6
1040,1040-RIGHT,UNK,UNK,1996,1999,3,6
1042,1042-LEFT,UNK,UNK,1996,1997,1,5
1043,1043-RIGHT,UNK,UNK,1996,1996,0,3
1045,1045-LEFT,UNK,UNK,1996,1996,0,3
1045,1045-RIGHT,UNK,UNK,1996,1996,0,4
1046,1046-LEFT,UNK,UNK,1996,1997,1,7
1047,1047-LEFT,UNK,UNK,1996,1996,0,3
105,105-LEFT,UNK,UNK,1989,1990,1,3
1054,1054-RIGHT,UNK,UNK,1996,1996,0,2
1057,1057-RIGHT,UNK,UNK,1996,1996,0,2
1058,1058-RIGHT,UNK,UNK,1996,1996,0,5
1059,1059-RIGHT,UNK,UNK,1996,1996,0,1
106,106-LEFT,UNK,UNK,1989,1990,1,4
106,106-RIGHT,UNK,UNK,1989,1990,1,7
1062,1062-LEFT,UNK,UNK,1996,1996,0,6
1063,1063-LEFT,UNK,UNK,1996,1996,0,3
1063,1063-RIGHT,UNK,UNK,1996,1997,1,8
1066,1066-RIGHT,UNK,UNK,1996,1996,0,2
1068,1068-LEFT,UNK,UNK,1996,1996,0,2
1069,1069-LEFT,UNK,UNK,1996,1997,1,4
1072,1072-RIGHT,UNK,UNK,1996,1996,0,8
1081,1081-LEFT,UNK,UNK,1996,1996,0,4
1081,1081-RIGHT,UNK,UNK,1996,1996,0,3
1093,1093-LEFT,UNK,UNK,1996,1996,0,3
1094,1094-RIGHT,UNK,UNK,1996,1997,1,5
1097,1097-LEFT,UNK,UNK,1996,1996,0,2
1100,1100-LEFT,UNK,UNK,1996,1996,0,3
1109,1109-LEFT,UNK,UNK,1996,1996,0,2
111,111-RIGHT,UNK,UNK,1989,1989,0,1
1110,1110-RIGHT,UNK,UNK,1996,1996,0,2
1114,1114-LEFT,MaleM,UNK,1996,2008,12,8
1114,1114-RIGHT,MaleM,UNK,1996,2008,12,9
1116,1116-LEFT,UNK,UNK,1996,1996,0,3
1121,1121-RIGHT,UNK,UNK,1996,1996,0,2
1123,1123-LEFT,MaleM,UNK,1996,1996,0,2
1124,1124-LEFT,UNK,UNK,1996,1996,0,2
1126,1126-RIGHT,UNK,UNK,1996,1996,0,1
1130,1130-LEFT,UNK,UNK,1996,1996,0,1
1134,1134-RIGHT,MaleM,UNK,1996,1996,0,2
1136,1136-RIGHT,UNK,UNK,1996,1996,0,2
1140,1140-RIGHT,UNK,UNK,1996,1996,0,1
1142,1142-LEFT,UNK,UNK,1996,1996,0,4
1146,1146-LEFT,UNK,UNK,1997,1999,2,8
1146,1146-RIGHT,UNK,UNK,1997,1998,1,7
1147,1147-LEFT,UNK,UNK,1996,2015,19,18
1147,1147-RIGHT,UNK,UNK,1996,2010,14,18
1148,1148-RIGHT,UNK,UNK,1996,1996,0,3
115,115-LEFT,UNK,UNK,1989,1990,1,3
115,115-RIGHT,UNK,UNK,1989,1990,1,3
1152,1152-RIGHT,UNK,UNK,1996,1996,0,2
1153,1153-LEFT,UNK,UNK,1996,1996,0,1
1155,1155-LEFT,UNK,UNK,1998,1998,0,6
1155,1155-RIGHT,UNK,UNK,1996,1998,2,6
1158,1158-LEFT,UNK,UNK,1996,1996,0,3
116,116-LEFT,UNK,UNK,1989,1989,0,2
1160,1160-RIGHT,UNK,UNK,1996,1996,0,2
1163,1163-LEFT,UNK,UNK,1996,1996,0,3
1168,1168-RIGHT,UNK,UNK,1996,1996,0,1
1173,1173-LEFT,MaleM,UNK,1996,2001,5,7
1174,1174-LEFT,UNK,UNK,1996,1996,0,3
1176,1176-RIGHT,UNK,UNK,1996,1996,0,1
1179,1179-LEFT,MaleM,UNK,1996,1996,0,1
118,118-LEFT,MaleM,UNK,1989,1998,9,5
118,118-RIGHT,MaleM,UNK,1998,1998,0,5
1183,1183-LEFT,UNK,UNK,1996,1996,0,1
1185,1185-RIGHT,UNK,UNK,1996,1996,0,3
119,119-RIGHT,UNK,UNK,1989,1989,0,2
1190,1190-LEFT,UNK,UNK,1996,1996,0,1
120,120-LEFT,MaleM,UNK,1989,2013,24,22
120,120-RIGHT,MaleM,UNK,1996,2013,17,22
1205,1205-LEFT,UNK,UNK,1997,1997,0,2
1206,1206-LEFT,UNK,UNK,1997,1997,0,2
1208,1208-RIGHT,UNK,UNK,1997,1997,0,2
1217,1217-RIGHT,UNK,UNK,1997,1997,0,4
1219,1219-LEFT,UNK,UNK,1997,1997,0,3
1220,1220-LEFT,UNK,UNK,1997,1997,0,3
1221,1221-RIGHT,UNK,UNK,1997,1997,0,2
1227,1227-LEFT,UNK,UNK,1997,1997,0,1
1229,1229-RIGHT,UNK,UNK,1997,1997,0,3
1233,1233-RIGHT,UNK,UNK,1997,1997,0,2
1234,1234-LEFT,UNK,UNK,1997,1997,0,2
1237,1237-RIGHT,UNK,UNK,1997,1997,0,1
1239,1239-LEFT,UNK,UNK,1997,1998,1,8
1239,1239-RIGHT,UNK,UNK,1997,1998,1,4
124,124-LEFT,MaleM,Male,1989,1997,8,8
124,124-RIGHT,MaleM,Male,1996,2002,6,8
1244,1244-RIGHT,UNK,UNK,1997,1997,0,1
1247,1247-LEFT,UNK,UNK,1997,1997,0,2
1248,1248-LEFT,UNK,UNK,1997,1997,0,2
1249,1249-RIGHT,UNK,UNK,1997,1997,0,2
1251,1251-LEFT,UNK,UNK,1997,1997,0,1
1253,1253-LEFT,UNK,UNK,1998,1998,0,1
1253,1253-RIGHT,UNK,UNK,1997,1998,1,6
1254,1254-LEFT,UNK,UNK,1997,1997,0,1
1255,1255-RIGHT,UNK,UNK,1997,1997,0,2
1258,1258-RIGHT,UNK,UNK,1997,1997,0,4
1261,1261-LEFT,UNK,UNK,1997,1997,0,1
1264,1264-RIGHT,UNK,UNK,1997,1997,0,1
1266,1266-RIGHT,UNK,UNK,1997,1997,0,2
1267,1267-RIGHT,UNK,UNK,1997,1997,0,4
127,127-LEFT,UNK,UNK,1989,2002,13,10
127,127-RIGHT,UNK,UNK,1989,2002,13,6
1270,1270-LEFT,UNK,UNK,1997,1997,0,1
1272,1272-LEFT,UNK,UNK,1997,1997,0,2
1272,1272-RIGHT,UNK,UNK,1998,1998,0,2
1274,1274-RIGHT,UNK,UNK,1997,1997,0,1
1275,1275-RIGHT,UNK,UNK,1997,1997,0,2
1276,1276-RIGHT,UNK,UNK,1997,1997,0,3
1277,1277-LEFT,UNK,UNK,1997,1997,0,1
1280,1280-LEFT,UNK,UNK,1997,1997,0,2
1281,1281-LEFT,UNK,UNK,1997,1997,0,1
1284,1284-LEFT,UNK,UNK,1997,1998,1,3
1285,1285-LEFT,UNK,UNK,1997,1997,0,2
129,129-LEFT,UNK,UNK,1989,1990,1,4
1291,1291-RIGHT,UNK,UNK,1997,1997,0,1
1292,1292-LEFT,MaleM,UNK,1997,1997,0,7
1293,1293-LEFT,MaleM,UNK,1997,1997,0,2
1296,1296-RIGHT,UNK,UNK,1997,1997,0,3
1297,1297-RIGHT,UNK,UNK,1997,1997,0,2
13,13-LEFT,UNK,UNK,1989,1990,1,7
13,13-RIGHT,UNK,UNK,1989,1990,1,4
1301,1301-RIGHT,UNK,UNK,1997,1997,0,3
1307,1307-RIGHT,UNK,UNK,1997,1997,0,3
1309,1309-LEFT,UNK,UNK,1997,1997,0,2
131,131-LEFT,UNK,UNK,1989,1999,10,15
131,131-RIGHT,UNK,UNK,1997,1999,2,9
1311,1311-LEFT,UNK,UNK,1997,1997,0,2
1311,1311-RIGHT,UNK,UNK,1997,1997,0,1
1313,1313-LEFT,FemaleJ,Female,1998,2011,13,14
1313,1313-RIGHT,FemaleJ,Female,1997,2011,14,16
1315,1315-LEFT,FemaleJ,Female,1997,1997,0,3
1317,1317-LEFT,UNK,UNK,1997,2021,24,8
1318,1318-RIGHT,FemaleJ,Female,1997,1997,0,2
132,132-RIGHT,UNK,UNK,1989,1989,0,3
1320,1320-RIGHT,UNK,UNK,1997,1997,0,2
1325,1325-LEFT,UNK,UNK,1997,1997,0,2
1329,1329-LEFT,FemaleJ,Female,1997,1998,1,6
1332,1332-LEFT,UNK,UNK,1997,1999,2,7
1332,1332-RIGHT,UNK,UNK,1997,1998,1,7
1334,1334-LEFT,UNK,UNK,1997,1999,2,6
1334,1334-RIGHT,UNK,UNK,1998,1999,1,4
1335,1335-RIGHT,UNK,UNK,1996,1997,1,4
1336,1336-LEFT,Female,UNK,1994,2021,27,2
1336,1336-LEFT,FemaleJ,Female,1994,2021,27,11
1336,1336-RIGHT,FemaleJ,Female,1994,2011,17,7
1337,1337-LEFT,UNK,UNK,1997,1998,1,8
1337,1337-RIGHT,UNK,UNK,1998,1998,0,4
134,134-LEFT,UNK,UNK,1989,1990,1,4
134,134-RIGHT,UNK,UNK,1990,1990,0,1
1344,1344-LEFT,UNK,UNK,1997,1997,0,2
1344,1344-RIGHT,UNK,UNK,1997,1997,0,2
1345,1345-LEFT,MaleM,UNK,1997,1997,0,3
1345,1345-RIGHT,MaleM,UNK,1997,1997,0,2
1346,1346-LEFT,UNK,UNK,1997,1997,0,1
1348,1348-RIGHT,UNK,UNK,1997,1997,0,1
135,135-LEFT,UNK,UNK,1989,1989,0,1
1350,1350-RIGHT,UNK,UNK,1997,1997,0,1
1351,1351-RIGHT,UNK,UNK,1997,1997,0,3
1354,1354-LEFT,UNK,UNK,1997,1997,0,2
1357,1357-LEFT,UNK,UNK,1997,1997,0,3
1358,1358-LEFT,UNK,UNK,1997,1998,1,5
1362,1362-RIGHT,UNK,UNK,1997,1997,0,3
1364,1364-LEFT,UNK,UNK,1997,2016,19,19
1364,1364-RIGHT,UNK,UNK,1997,2002,5,7
1369,1369-LEFT,UNK,UNK,1997,1997,0,2
137,137-RIGHT,UNK,UNK,1989,1989,0,1
1370,1370-LEFT,UNK,UNK,1997,1997,0,1
138,138-RIGHT,UNK,UNK,1989,1989,0,1
14,14-RIGHT,UNK,UNK,1989,1989,0,1
1404,1404-LEFT,UNK,UNK,1998,1998,0,6
1404,1404-RIGHT,UNK,UNK,1998,1998,0,2
141,141-RIGHT,UNK,UNK,1989,1989,0,3
1410,1410-RIGHT,UNK,UNK,1998,1998,0,3
1414,1414-LEFT,UNK,UNK,1998,1998,0,4
1417,1417-RIGHT,UNK,UNK,1998,1998,0,5
1418,1418-RIGHT,UNK,UNK,1998,1998,0,4
1420,1420-RIGHT,UNK,UNK,1998,1998,0,1
1422,1422-LEFT,UNK,UNK,1998,1998,0,2
1422,1422-RIGHT,UNK,UNK,1998,1998,0,5
1424,1424-LEFT,MaleM,UNK,1998,1998,0,5
1424,1424-RIGHT,MaleM,UNK,1998,1998,0,5
1426,1426-LEFT,UNK,UNK,1998,1998,0,2
1426,1426-RIGHT,UNK,UNK,1998,1998,0,3
1429,1429-LEFT,UNK,UNK,1998,1998,0,2
143,143-LEFT,UNK,UNK,1990,2006,16,5
143,143-RIGHT,UNK,UNK,1997,1997,0,1
1435,1435-LEFT,UNK,UNK,1998,1998,0,3
1435,1435-RIGHT,UNK,UNK,1998,1998,0,3
1436,1436-RIGHT,UNK,UNK,1998,1998,0,2
1438,1438-LEFT,UNK,UNK,1998,1999,1,6
144,144-LEFT,UNK,UNK,1989,1989,0,1
1442,1442-RIGHT,UNK,UNK,1998,1998,0,3
1445,1445-LEFT,UNK,UNK,1998,1998,0,3
145,145-RIGHT,UNK,UNK,1989,1989,0,1
1450,1450-RIGHT,UNK,UNK,1998,1998,0,5
1451,1451-RIGHT,UNK,UNK,1998,1998,0,5
1452,1452-LEFT,UNK,UNK,1998,1998,0,3
1458,1458-LEFT,MaleM,UNK,1998,2016,18,25
146,146-LEFT,UNK,UNK,1989,1989,0,2
1461,1461-RIGHT,MaleM,UNK,1998,1999,1,8
1466,1466-RIGHT,UNK,UNK,1998,1998,0,2
1469,1469-LEFT,UNK,UNK,1998,1999,1,6
1469,1469-RIGHT,UNK,UNK,1998,1999,1,8
1470,1470-LEFT,UNK,UNK,1998,2003,5,11
1470,1470-RIGHT,UNK,UNK,1998,1998,0,2
1472,1472-LEFT,UNK,UNK,1998,1999,1,8
1472,1472-RIGHT,UNK,UNK,1998,1999,1,10
1473,1473-LEFT,UNK,UNK,1998,1998,0,2
1479,1479-LEFT,UNK,UNK,1998,1998,0,1
1488,1488-LEFT,UNK,UNK,1998,1998,0,2
149,149-LEFT,UNK,UNK,1989,1989,0,1
1493,1493-LEFT,UNK,UNK,1998,1999,1,3
1496,1496-RIGHT,UNK,UNK,1998,1998,0,2
1497,1497-RIGHT,UNK,UNK,1998,1998,0,1
15,15-LEFT,MaleM,UNK,1989,1990,1,4
15,15-RIGHT,MaleM,UNK,1989,1989,0,3
150,150-LEFT,UNK,UNK,1989,1989,0,1
1500,1500-LEFT,UNK,UNK,1998,1998,0,2
1501,1501-LEFT,UNK,UNK,1998,1998,0,2
1501,1501-RIGHT,UNK,UNK,1998,1998,0,2
1503,1503-RIGHT,UNK,UNK,1998,1998,0,2
1504,1504-LEFT,UNK,UNK,1998,1998,0,2
1505,1505-LEFT,UNK,UNK,1998,1998,0,3
1507,1507-RIGHT,UNK,UNK,1998,1998,0,3
151,151-LEFT,UNK,UNK,1989,1989,0,3
151,151-RIGHT,UNK,UNK,1989,1989,0,2
1510,1510-RIGHT,UNK,UNK,1998,1998,0,3
1512,1512-LEFT,UNK,UNK,1998,2002,4,4
1512,1512-RIGHT,UNK,UNK,1998,2002,4,4
1513,1513-LEFT,UNK,UNK,1998,1998,0,2
1515,1515-LEFT,UNK,UNK,1998,1998,0,1
152,152-LEFT,UNK,UNK,1989,1990,1,6
152,152-RIGHT,UNK,UNK,1989,1990,1,6
153,153-RIGHT,UNK,UNK,1989,1990,1,5
156,156-LEFT,UNK,UNK,1989,1990,1,4
158,158-LEFT,UNK,UNK,1990,1990,0,1
159,159-LEFT,UNK,UNK,1989,1997,8,11
159,159-RIGHT,UNK,UNK,1989,1998,9,9
16,16-LEFT,MaleM,UNK,1990,2011,21,10
16,16-RIGHT,MaleM,UNK,1990,2011,21,13
1602,1602-RIGHT,UNK,UNK,1999,1999,0,3
1605,1605-RIGHT,UNK,UNK,1999,1999,0,2
1618,1618-RIGHT,UNK,UNK,1999,1999,0,5
162,162-LEFT,Female,UNK,1989,2021,32,3
162,162-LEFT,FemaleJ,Female,1989,2021,32,19
162,162-RIGHT,Female,UNK,1989,2021,32,4
162,162-RIGHT,FemaleJ,Female,1989,2021,32,9
1621,1621-RIGHT,UNK,UNK,1999,1999,0,2
1622,1622-LEFT,UNK,UNK,1999,1999,0,3
1623,1623-LEFT,UNK,UNK,1999,1999,0,2
1626,1626-RIGHT,UNK,UNK,1999,1999,0,1
1628,1628-LEFT,UNK,UNK,1999,1999,0,1
1628,1628-RIGHT,UNK,UNK,1999,1999,0,3
1630,1630-LEFT,UNK,UNK,1999,1999,0,4
1631,1631-LEFT,UNK,UNK,1999,1999,0,2
1632,1632-RIGHT,UNK,UNK,1999,1999,0,2
1633,1633-RIGHT,UNK,UNK,1999,1999,0,4
1634,1634-LEFT,UNK,UNK,1999,1999,0,3
1642,1642-LEFT,UNK,UNK,2001,2001,0,1
1645,1645-LEFT,UNK,UNK,1999,1999,0,5
1645,1645-RIGHT,UNK,UNK,1999,1999,0,3
1651,1651-LEFT,UNK,UNK,1999,1999,0,2
1651,1651-RIGHT,UNK,UNK,1999,1999,0,4
166,166-RIGHT,UNK,UNK,1990,1990,0,3
1662,1662-LEFT,UNK,UNK,1999,1999,0,2
1662,1662-RIGHT,UNK,UNK,1999,1999,0,3
1667,1667-LEFT,UNK,UNK,1999,1999,0,3
1672,1672-RIGHT,UNK,UNK,1999,1999,0,2
1674,1674-RIGHT,UNK,UNK,1999,1999,0,1
1676,1676-LEFT,MaleM,UNK,1999,2013,14,10
1677,1677-LEFT,UNK,UNK,1999,1999,0,3
168,168-LEFT,UNK,UNK,1989,1989,0,2
1687,1687-RIGHT,UNK,UNK,1999,1999,0,1
1692,1692-RIGHT,MaleM,UNK,1999,1999,0,2
1693,1693-RIGHT,MaleM,UNK,1999,1999,0,3
1695,1695-RIGHT,UNK,UNK,1999,1999,0,1
1696,1696-LEFT,MaleM,UNK,1999,1999,0,2
1697,1697-LEFT,UNK,UNK,1999,1999,0,1
17,17-LEFT,UNK,UNK,1989,2002,13,13
17,17-RIGHT,UNK,UNK,1989,2002,13,10
170,170-LEFT,UNK,UNK,1997,2011,14,10
170,170-RIGHT,UNK,UNK,1998,2011,13,9
1707,1707-RIGHT,UNK,UNK,2001,2001,0,1
1715,1715-RIGHT,UNK,UNK,2001,2001,0,2
1716,1716-LEFT,UNK,UNK,2001,2001,0,2
1720,1720-LEFT,UNK,UNK,2001,2001,0,1
1721,1721-LEFT,UNK,UNK,2001,2001,0,1
1723,1723-LEFT,UNK,UNK,2001,2001,0,3
1723,1723-RIGHT,UNK,UNK,2001,2001,0,3
1730,1730-RIGHT,UNK,UNK,2001,2001,0,1
1735,1735-RIGHT,UNK,UNK,2001,2001,0,2
1737,1737-LEFT,UNK,UNK,2001,2001,0,2
1739,1739-LEFT,MaleM,Male,2001,2017,16,22
1739,1739-RIGHT,MaleM,Male,2001,2017,16,18
174,174-LEFT,UNK,UNK,1989,1989,0,2
174,174-RIGHT,UNK,UNK,1989,1989,0,1
1744,1744-RIGHT,UNK,UNK,2001,2001,0,2
1747,1747-LEFT,UNK,UNK,2006,2007,1,9
1747,1747-RIGHT,UNK,UNK,2006,2010,4,9
1749,1749-RIGHT,UNK,UNK,2001,2001,0,1
1750,1750-RIGHT,UNK,UNK,2001,2001,0,1
1752,1752-LEFT,UNK,UNK,2001,2001,0,2
1752,1752-RIGHT,UNK,UNK,2001,2001,0,4
1753,1753-LEFT,UNK,UNK,2001,2001,0,3
1753,1753-RIGHT,UNK,UNK,2001,2001,0,4
1755,1755-LEFT,UNK,UNK,2001,2001,0,1
1756,1756-RIGHT,UNK,UNK,2001,2001,0,3
1757,1757-LEFT,UNK,UNK,2001,2016,15,21
1757,1757-RIGHT,UNK,UNK,2001,2016,15,20
1759,1759-LEFT,UNK,UNK,2001,2001,0,1
176,176-LEFT,UNK,UNK,1989,1989,0,1
1764,1764-LEFT,UNK,UNK,2001,2001,0,1
1765,1765-RIGHT,UNK,UNK,2001,2001,0,1
1771,1771-RIGHT,UNK,UNK,2001,2001,0,2
1772,1772-RIGHT,UNK,UNK,2001,2001,0,1
1774,1774-LEFT,UNK,UNK,2001,2001,0,1
1777,1777-RIGHT,UNK,UNK,2001,2001,0,1
1779,1779-LEFT,MaleM,UNK,2002,2011,9,9
1779,1779-RIGHT,MaleM,UNK,2001,2010,9,9
178,178-RIGHT,UNK,UNK,1989,1989,0,1
1791,1791-LEFT,UNK,UNK,2001,2001,0,1
1791,1791-RIGHT,UNK,UNK,2001,2001,0,1
1796,1796-LEFT,UNK,UNK,2001,2001,0,2
18,18-LEFT,MaleM,UNK,1989,1997,8,13
18,18-RIGHT,MaleM,UNK,1990,1997,7,10
1803,1803-LEFT,UNK,UNK,2001,2001,0,1
1804,1804-LEFT,UNK,UNK,2001,2001,0,1
1818,1818-RIGHT,UNK,UNK,2001,2001,0,3
1825,1825-RIGHT,UNK,UNK,2001,2001,0,2
1829,1829-LEFT,MaleM,UNK,2002,2017,15,8
1829,1829-RIGHT,MaleM,UNK,2001,2017,16,12
183,183-LEFT,UNK,UNK,1989,1996,7,7
1832,1832-RIGHT,UNK,UNK,2001,2001,0,2
184,184-RIGHT,UNK,UNK,1989,1990,1,5
185,185-RIGHT,MaleM,UNK,1997,1997,0,4
186,186-RIGHT,MaleM,UNK,1989,1990,1,5
189,189-LEFT,UNK,UNK,1989,1989,0,3
1904,1904-RIGHT,UNK,UNK,2002,2016,14,13
1907,1907-LEFT,UNK,UNK,2002,2002,0,1
1914,1914-RIGHT,UNK,UNK,2002,2002,0,1
1917,1917-LEFT,UNK,UNK,2002,2002,0,2
1919,1919-RIGHT,UNK,UNK,2002,2002,0,1
1924,1924-LEFT,MaleM,UNK,2002,2002,0,1
1926,1926-RIGHT,UNK,UNK,2002,2002,0,2
1929,1929-LEFT,UNK,UNK,2002,2011,9,9
1930,1930-LEFT,UNK,UNK,2002,2002,0,4
1930,1930-RIGHT,UNK,UNK,2002,2002,0,4
1932,1932-RIGHT,UNK,UNK,2002,2002,0,2
1939,1939-RIGHT,UNK,UNK,2002,2002,0,2
1942,1942-LEFT,UNK,UNK,2002,2002,0,1
1942,1942-RIGHT,UNK,UNK,2002,2002,0,2
1943,1943-LEFT,UNK,UNK,2002,2002,0,2
1943,1943-RIGHT,UNK,UNK,2002,2002,0,2
1946,1946-LEFT,UNK,UNK,2002,2002,0,6
195,195-RIGHT,UNK,UNK,1989,1989,0,1
1951,1951-RIGHT,UNK,UNK,2002,2002,0,1
1956,1956-LEFT,UNK,UNK,2002,2002,0,1
1957,1957-LEFT,UNK,UNK,2002,2002,0,3
1959,1959-LEFT,UNK,UNK,2002,2002,0,2
1960,1960-RIGHT,UNK,UNK,2002,2002,0,1
1961,1961-RIGHT,UNK,UNK,2002,2002,0,2
1962,1962-LEFT,UNK,UNK,2002,2002,0,3
1964,1964-LEFT,UNK,UNK,2002,2002,0,2
1966,1966-LEFT,MaleM,Male,2002,2002,0,5
1967,1967-RIGHT,UNK,UNK,2002,2002,0,6
1968,1968-LEFT,UNK,UNK,2002,2002,0,2
197,197-LEFT,UNK,UNK,1989,1989,0,1
1970,1970-RIGHT,UNK,UNK,2002,2002,0,1
1971,1971-RIGHT,UNK,UNK,2002,2002,0,2
1972,1972-RIGHT,UNK,UNK,2002,2002,0,1
1978,1978-LEFT,FemaleJ,Female,2002,2002,0,3
1980,1980-LEFT,UNK,UNK,2002,2002,0,2
1981,1981-RIGHT,UNK,UNK,2002,2002,0,1
1982,1982-LEFT,UNK,UNK,2002,2002,0,1
1983,1983-RIGHT,UNK,UNK,2002,2002,0,1
1987,1987-LEFT,UNK,UNK,2002,2002,0,2
2,2-LEFT,UNK,UNK,1989,1989,0,2
2,2-RIGHT,UNK,UNK,1989,1989,0,3
2000,2000-RIGHT,UNK,UNK,2002,2002,0,4
2008,2008-LEFT,UNK,UNK,2002,2002,0,4
2010,2010-LEFT,UNK,UNK,2002,2002,0,3
2013,2013-RIGHT,MaleM,UNK,2002,2011,9,6
2014,2014-LEFT,UNK,UNK,2002,2002,0,3
2019,2019-LEFT,UNK,UNK,2002,2002,0,2
2019,2019-RIGHT,UNK,UNK,2002,2002,0,2
2020,2020-RIGHT,UNK,UNK,2002,2002,0,2
2021,2021-RIGHT,UNK,UNK,2002,2002,0,1
2022,2022-LEFT,UNK,UNK,2002,2002,0,1
2025,2025-RIGHT,UNK,UNK,2002,2002,0,2
2028,2028-LEFT,MaleM,UNK,2002,2015,13,16
2029,2029-LEFT,UNK,UNK,2002,2002,0,2
2030,2030-LEFT,UNK,UNK,2002,2002,0,2
2032,2032-RIGHT,UNK,UNK,2002,2002,0,2
2033,2033-LEFT,UNK,UNK,2002,2002,0,3
2034,2034-RIGHT,UNK,UNK,2002,2002,0,2
2036,2036-RIGHT,UNK,UNK,2002,2002,0,2
2038,2038-RIGHT,UNK,UNK,2002,2002,0,3
2040,2040-LEFT,UNK,UNK,2002,2002,0,4
2041,2041-LEFT,UNK,UNK,2002,2002,0,4
2042,2042-LEFT,UNK,UNK,2002,2002,0,3
2044,2044-RIGHT,UNK,UNK,2002,2002,0,1
2048,2048-LEFT,MaleM,UNK,2002,2019,17,24
2049,2049-RIGHT,UNK,UNK,2002,2002,0,2
2052,2052-LEFT,UNK,UNK,2002,2002,0,1
2055,2055-RIGHT,UNK,UNK,2002,2002,0,2
2056,2056-LEFT,UNK,UNK,2002,2002,0,1
2062,2062-RIGHT,MaleM,UNK,2002,2002,0,4
207,207-LEFT,UNK,UNK,1989,1989,0,2
2077,2077-RIGHT,UNK,UNK,2002,2002,0,1
208,208-RIGHT,MaleM,UNK,1989,1990,1,4
2081,2081-RIGHT,UNK,UNK,2002,2002,0,1
2089,2089-RIGHT,UNK,UNK,2002,2002,0,3
2090,2090-RIGHT,MaleM,UNK,2002,2002,0,3
2096,2096-LEFT,UNK,UNK,2002,2002,0,2
2097,2097-LEFT,UNK,UNK,2002,2002,0,1
21,21-LEFT,MaleM,UNK,1989,1990,1,4
21,21-RIGHT,MaleM,UNK,1990,1990,0,3
2101,2101-LEFT,UNK,UNK,2002,2002,0,3
2102,2102-LEFT,MaleM,UNK,1999,2013,14,12
2102,2102-RIGHT,MaleM,UNK,1999,2013,14,7
2103,2103-LEFT,UNK,UNK,2002,2002,0,1
2104,2104-LEFT,UNK,UNK,2002,2002,0,2
2106,2106-RIGHT,UNK,UNK,2002,2002,0,2
2107,2107-RIGHT,MaleM,UNK,2002,2003,1,4
2109,2109-LEFT,UNK,UNK,2002,2002,0,3
2110,2110-LEFT,UNK,UNK,2002,2002,0,1
2112,2112-RIGHT,UNK,UNK,2002,2002,0,1
2116,2116-LEFT,UNK,UNK,2002,2002,0,1
2116,2116-RIGHT,UNK,UNK,2002,2002,0,1
213,213-LEFT,UNK,UNK,1990,2002,12,6
213,213-RIGHT,UNK,UNK,1990,2002,12,8
2130,2130-RIGHT,FemaleJ,Female,2002,2002,0,2
2131,2131-LEFT,UNK,UNK,2002,2002,0,1
2133,2133-LEFT,UNK,UNK,2002,2002,0,2
2135,2135-LEFT,UNK,UNK,2002,2002,0,1
2137,2137-RIGHT,UNK,UNK,2002,2002,0,1
2138,2138-RIGHT,MaleM,Male,2002,2002,0,2
2144,2144-LEFT,UNK,UNK,2002,2002,0,3
2146,2146-RIGHT,UNK,UNK,2002,2002,0,1
2147,2147-RIGHT,FemaleJ,Female,2002,2002,0,2
2148,2148-RIGHT,UNK,UNK,2002,2002,0,2
215,215-LEFT,UNK,UNK,1989,1989,0,1
2150,2150-RIGHT,UNK,UNK,2002,2002,0,3
2153,2153-LEFT,UNK,UNK,2002,2002,0,2
2156,2156-LEFT,UNK,UNK,2002,2002,0,1
22,22-RIGHT,UNK,UNK,1989,1990,1,3
222,222-LEFT,UNK,UNK,1998,1998,0,2
222,222-RIGHT,UNK,UNK,1994,1998,4,5
2220,2220-LEFT,UNK,UNK,2003,2003,0,3
2220,2220-RIGHT,UNK,UNK,2003,2003,0,3
2229,2229-RIGHT,UNK,UNK,2003,2003,0,2
223,223-LEFT,UNK,UNK,1988,1988,0,1
2232,2232-LEFT,MaleM,Male,2003,2003,0,1
2233,2233-LEFT,MaleM,Male,2003,2003,0,2
2235,2235-RIGHT,UNK,UNK,2003,2003,0,3
2237,2237-LEFT,UNK,UNK,2003,2003,0,2
2238,2238-RIGHT,UNK,UNK,2003,2003,0,1
2241,2241-LEFT,UNK,UNK,2003,2003,0,1
2246,2246-RIGHT,UNK,UNK,2003,2011,8,3
2250,2250-LEFT,UNK,UNK,2003,2003,0,1
2252,2252-LEFT,UNK,UNK,2003,2003,0,1
2258,2258-RIGHT,FemaleJ,Female,2003,2003,0,2
2259,2259-LEFT,UNK,UNK,2003,2003,0,2
2259,2259-RIGHT,UNK,UNK,2003,2003,0,2
2260,2260-RIGHT,UNK,UNK,2003,2003,0,1
2263,2263-LEFT,UNK,UNK,2003,2003,0,1
2308,2308-RIGHT,UNK,UNK,2003,2003,0,1
235,235-LEFT,UNK,UNK,1990,1994,4,4
235,235-RIGHT,UNK,UNK,1990,1994,4,6
237,237-RIGHT,UNK,UNK,1990,1993,3,9
238,238-RIGHT,UNK,UNK,1990,1990,0,5
24,24-LEFT,UNK,UNK,1989,1989,0,2
240,240-LEFT,UNK,UNK,1990,1990,0,3
242,242-LEFT,UNK,UNK,1988,1988,0,3
242,242-RIGHT,UNK,UNK,1990,1990,0,1
244,244-LEFT,UNK,UNK,1988,1988,0,2
245,245-RIGHT,UNK,UNK,1988,1988,0,1
25,25-LEFT,UNK,UNK,1989,1989,0,4
250,250-RIGHT,UNK,UNK,1988,1988,0,2
251,251-LEFT,FemaleJ,Female,1990,2003,13,26
251,251-RIGHT,FemaleJ,Female,1988,2003,15,30
26,26-LEFT,UNK,UNK,1989,1989,0,2
265,265-RIGHT,UNK,UNK,1990,1990,0,1
266,266-RIGHT,UNK,UNK,1990,1990,0,2
267,267-LEFT,UNK,UNK,1993,1993,0,2
267,267-RIGHT,UNK,UNK,1990,1993,3,7
269,269-LEFT,UNK,UNK,1990,1990,0,2
269,269-RIGHT,UNK,UNK,1990,1990,0,4
270,270-LEFT,UNK,UNK,1990,1990,0,1
271,271-LEFT,UNK,UNK,1990,1990,0,3
271,271-RIGHT,UNK,UNK,1990,1990,0,5
273,273-LEFT,UNK,UNK,1990,1990,0,3
275,275-RIGHT,UNK,UNK,1990,1990,0,1
277,277-RIGHT,UNK,UNK,1990,1990,0,2
278,278-LEFT,UNK,UNK,1990,1990,0,1
279,279-LEFT,UNK,UNK,1990,1990,0,1
28,28-LEFT,MaleM,UNK,1989,2013,24,21
28,28-RIGHT,MaleM,UNK,1989,2013,24,14
280,280-LEFT,UNK,UNK,1990,1990,0,1
281,281-LEFT,UNK,UNK,1990,1990,0,3
282,282-LEFT,UNK,UNK,1990,1990,0,5
283,283-RIGHT,MaleM,UNK,1990,1990,0,3
285,285-LEFT,UNK,UNK,1990,1990,0,4
289,289-LEFT,UNK,UNK,1990,1990,0,3
29,29-LEFT,UNK,UNK,1989,1993,4,3
290,290-LEFT,UNK,UNK,1990,1990,0,6
290,290-RIGHT,UNK,UNK,1990,1990,0,5
291,291-LEFT,MaleM,UNK,1990,1990,0,4
291,291-RIGHT,MaleM,UNK,1990,1990,0,2
293,293-LEFT,MaleM,UNK,2001,2015,14,14
293,293-RIGHT,MaleM,UNK,1990,2015,25,13
295,295-LEFT,UNK,UNK,1990,1990,0,2
297,297-LEFT,UNK,UNK,1990,1990,0,1
3,3-LEFT,MaleM,Male,1988,2003,15,20
3,3-RIGHT,MaleM,Male,1988,2003,15,27
3009,3009-LEFT,MaleM,UNK,2006,2016,10,19
3009,3009-RIGHT,MaleM,UNK,2006,2016,10,19
301,301-LEFT,UNK,UNK,1990,1990,0,1
3012,3012-LEFT,MaleM,UNK,2006,2017,11,25
3013,3013-RIGHT,UNK,UNK,2006,2006,0,2
3014,3014-LEFT,UNK,UNK,2006,2006,0,1
3016,3016-LEFT,UNK,UNK,2011,2013,2,7
3016,3016-RIGHT,UNK,UNK,2011,2013,2,9
302,302-LEFT,UNK,UNK,1990,1990,0,1
3024,3024-LEFT,UNK,UNK,2006,2006,0,2
3025,3025-LEFT,UNK,UNK,2006,2011,5,9
303,303-LEFT,UNK,UNK,1996,2019,23,7
303,303-RIGHT,UNK,UNK,1998,2011,13,5
3034,3034-RIGHT,UNK,UNK,2006,2006,0,1
3035,3035-RIGHT,UNK,UNK,2006,2006,0,2
304,304-RIGHT,UNK,UNK,1990,1990,0,3
3046,3046-RIGHT,UNK,UNK,2006,2006,0,2
305,305-LEFT,UNK,UNK,1990,1993,3,3
305,305-RIGHT,UNK,UNK,1990,1993,3,3
3055,3055-LEFT,UNK,UNK,2006,2006,0,2
3056,3056-RIGHT,UNK,UNK,2006,2006,0,1
306,306-LEFT,UNK,UNK,1990,1990,0,2
3065,3065-LEFT,UNK,UNK,2006,2006,0,3
3082,3082-LEFT,UNK,UNK,2006,2006,0,1
3085,3085-LEFT,UNK,UNK,2006,2006,0,2
3086,3086-LEFT,UNK,UNK,2006,2021,15,11
3086,3086-RIGHT,UNK,UNK,2006,2021,15,13
3087,3087-LEFT,UNK,UNK,2006,2006,0,4
3087,3087-RIGHT,UNK,UNK,2006,2006,0,5
3098,3098-LEFT,MaleM,UNK,2006,2013,7,9
3098,3098-RIGHT,MaleM,UNK,2006,2011,5,4
31,31-RIGHT,UNK,UNK,1989,1989,0,1
3101,3101-LEFT,UNK,UNK,2006,2006,0,1
3103,3103-RIGHT,UNK,UNK,2006,2006,0,2
3105,3105-LEFT,UNK,UNK,2006,2006,0,1
3106,3106-RIGHT,UNK,UNK,2006,2006,0,2
3108,3108-LEFT,UNK,UNK,2006,2006,0,2
313,313-LEFT,UNK,UNK,1990,1990,0,3
314,314-LEFT,UNK,UNK,1990,1990,0,5
314,314-RIGHT,UNK,UNK,1990,1990,0,2
315,315-RIGHT,UNK,UNK,1990,1990,0,2
316,316-LEFT,UNK,UNK,1990,1990,0,4
316,316-RIGHT,UNK,UNK,1990,1990,0,4
317,317-LEFT,UNK,UNK,1990,1997,7,9
317,317-RIGHT,UNK,UNK,1990,2002,12,10
318,318-RIGHT,UNK,UNK,1990,1990,0,3
32,32-LEFT,UNK,UNK,1989,1994,5,8
32,32-RIGHT,UNK,UNK,1989,1990,1,3
320,320-RIGHT,UNK,UNK,1990,1990,0,3
322,322-LEFT,UNK,UNK,1990,1994,4,5
328,328-RIGHT,UNK,UNK,1990,1990,0,3
329,329-LEFT,UNK,UNK,1990,1990,0,2
33,33-LEFT,MaleM,UNK,1996,2003,7,14
33,33-RIGHT,MaleM,UNK,1989,2003,14,16
330,330-RIGHT,UNK,UNK,1990,1990,0,2
331,331-LEFT,UNK,UNK,1990,1990,0,2
332,332-LEFT,UNK,UNK,1990,1990,0,3
332,332-RIGHT,UNK,UNK,1990,1990,0,2
333,333-RIGHT,UNK,UNK,1990,1990,0,2
337,337-LEFT,UNK,UNK,1990,1990,0,2
34,34-RIGHT,UNK,UNK,1989,1990,1,2
348,348-RIGHT,UNK,UNK,1990,1990,0,1
351,351-RIGHT,UNK,UNK,1990,1990,0,2
355,355-LEFT,MaleM,UNK,1990,1990,0,3
356,356-RIGHT,UNK,UNK,1990,1990,0,1
360,360-LEFT,UNK,UNK,1990,1990,0,1
361,361-LEFT,UNK,UNK,1990,1990,0,1
363,363-RIGHT,UNK,UNK,1990,1996,6,4
37,37-LEFT,MaleM,UNK,1989,2002,13,25
37,37-RIGHT,MaleM,UNK,1988,2002,14,27
370,370-LEFT,UNK,UNK,1990,1990,0,1
374,374-LEFT,UNK,UNK,1990,1990,0,2
375,375-RIGHT,UNK,UNK,1990,1990,0,1
380,380-LEFT,UNK,UNK,1990,1990,0,2
383,383-LEFT,UNK,UNK,1990,1990,0,2
384,384-LEFT,UNK,UNK,1990,1990,0,2
385,385-LEFT,UNK,UNK,1990,1990,0,2
385,385-RIGHT,UNK,UNK,1990,1994,4,4
386,386-RIGHT,UNK,UNK,1990,1990,0,2
389,389-LEFT,UNK,UNK,1990,1990,0,4
39,39-LEFT,UNK,UNK,1989,1989,0,4
39,39-RIGHT,UNK,UNK,1989,1989,0,2
390,390-LEFT,UNK,UNK,1990,1990,0,2
390,390-RIGHT,UNK,UNK,1990,1995,5,7
391,391-RIGHT,UNK,UNK,1990,1990,0,3
394,394-RIGHT,UNK,UNK,1990,1990,0,1
395,395-RIGHT,UNK,UNK,1990,1990,0,1
399,399-LEFT,UNK,UNK,1990,1990,0,4
399,399-RIGHT,UNK,UNK,1990,1990,0,5
40,40-LEFT,UNK,UNK,1989,1990,1,4
405,405-LEFT,UNK,UNK,1990,1990,0,2
406,406-LEFT,UNK,UNK,1990,1990,0,4
406,406-RIGHT,UNK,UNK,1990,1990,0,3
407,407-LEFT,UNK,UNK,1990,1995,5,2
407,407-RIGHT,UNK,UNK,1990,1996,6,5
409,409-LEFT,Female,UNK,1996,2021,25,31
409,409-RIGHT,Female,UNK,1990,2021,31,36
41,41-RIGHT,UNK,UNK,1989,1989,0,2
4103,4103-RIGHT,MaleM,UNK,2006,2021,15,34
4104,4104-LEFT,MaleM,UNK,2007,2019,12,4
4104,4104-RIGHT,MaleM,UNK,2007,2019,12,16
4107,4107-RIGHT,UNK,UNK,2007,2007,0,1
4108,4108-RIGHT,UNK,UNK,2007,2007,0,1
4111,4111-LEFT,UNK,UNK,2007,2007,0,5
4111,4111-RIGHT,UNK,UNK,2007,2007,0,3
4113,4113-LEFT,UNK,UNK,2007,2016,9,23
4114,4114-LEFT,UNK,UNK,2007,2011,4,8
4116,4116-RIGHT,UNK,UNK,2007,2007,0,2
4117,4117-RIGHT,UNK,UNK,2007,2016,9,12
4118,4118-RIGHT,UNK,UNK,2007,2010,3,6
4119,4119-LEFT,UNK,UNK,2007,2007,0,1
4120,4120-RIGHT,UNK,UNK,2007,2007,0,2
413,413-LEFT,MaleM,Male,1990,1999,9,20
413,413-RIGHT,MaleM,Male,1996,2003,7,16
418,418-LEFT,UNK,UNK,1990,1996,6,6
418,418-RIGHT,UNK,UNK,1990,1993,3,6
42,42-RIGHT,UNK,UNK,1989,1989,0,1
420,420-RIGHT,UNK,UNK,1990,1990,0,4
4200,4200-LEFT,UNK,UNK,2008,2008,0,1
4201,4201-LEFT,UNK,UNK,2008,2008,0,1
4203,4203-RIGHT,Female,UNK,2008,2019,11,17
4206,4206-LEFT,UNK,UNK,2008,2011,3,10
4207,4207-LEFT,UNK,UNK,2008,2008,0,2
4208,4208-RIGHT,UNK,UNK,2008,2008,0,1
425,425-LEFT,UNK,UNK,1990,1990,0,2
427,427-RIGHT,UNK,UNK,1990,1996,6,5
43,43-LEFT,UNK,UNK,1988,1990,2,4
43,43-RIGHT,UNK,UNK,1989,1989,0,1
432,432-LEFT,UNK,UNK,1990,1993,3,6
433,433-RIGHT,UNK,UNK,1990,1993,3,7
435,435-RIGHT,UNK,UNK,1990,1990,0,3
436,436-LEFT,UNK,UNK,1990,1990,0,2
436,436-RIGHT,UNK,UNK,1990,1990,0,2
437,437-LEFT,UNK,UNK,1990,1990,0,3
440,440-LEFT,UNK,UNK,1990,1990,0,2
440,440-RIGHT,UNK,UNK,1990,1990,0,2
448,448-LEFT,UNK,UNK,1990,1990,0,1
449,449-LEFT,UNK,UNK,1990,1990,0,3
45,45-LEFT,MaleM,Male,1989,2016,27,50
45,45-RIGHT,Female,UNK,1989,2019,30,5
45,45-RIGHT,MaleM,Male,1989,2019,30,64
450,450-LEFT,UNK,UNK,1990,1990,0,2
4513,4513-LEFT,FemaleJ,Female,2009,2021,12,18
4513,4513-RIGHT,FemaleJ,Female,2010,2021,11,22
4514,4514-LEFT,UNK,UNK,2009,2011,2,7
452,452-LEFT,MaleM,UNK,1990,1990,0,2
453,453-LEFT,UNK,UNK,1990,1990,0,1
46,46-RIGHT,UNK,UNK,1989,1990,1,4
461,461-LEFT,UNK,UNK,1990,1990,0,2
461,461-RIGHT,UNK,UNK,1990,1990,0,3
462,462-RIGHT,UNK,UNK,1990,1990,0,3
464,464-RIGHT,UNK,UNK,1990,1990,0,2
465,465-LEFT,UNK,UNK,1990,1990,0,2
466,466-LEFT,UNK,UNK,1996,1996,0,4
466,466-RIGHT,UNK,UNK,1990,1990,0,2
467,467-LEFT,UNK,UNK,1990,1990,0,1
468,468-RIGHT,UNK,UNK,1990,1990,0,2
47,47-LEFT,UNK,UNK,1989,1990,1,4
47,47-RIGHT,UNK,UNK,1989,1990,1,5
470,470-RIGHT,UNK,UNK,1990,1990,0,1
473,473-LEFT,UNK,UNK,1990,1990,0,3
477,477-LEFT,UNK,UNK,1990,1990,0,3
478,478-RIGHT,UNK,UNK,1990,1990,0,2
479,479-RIGHT,UNK,UNK,1990,1990,0,2
480,480-LEFT,MaleM,Male,1990,2013,23,23
480,480-RIGHT,MaleM,Male,1990,2013,23,17
483,483-LEFT,UNK,UNK,1990,1990,0,3
484,484-RIGHT,UNK,UNK,1990,1990,0,2
488,488-LEFT,UNK,UNK,1990,1990,0,1
49,49-LEFT,UNK,UNK,1989,1989,0,3
490,490-LEFT,UNK,UNK,1990,1990,0,1
494,494-RIGHT,MaleM,UNK,1990,1990,0,2
496,496-LEFT,MaleM,UNK,1990,1990,0,2
498,498-RIGHT,UNK,UNK,1990,1990,0,3
5,5-LEFT,UNK,UNK,1989,2001,12,14
5,5-RIGHT,UNK,UNK,1989,2001,12,9
50,50-RIGHT,UNK,UNK,1989,1989,0,3
5001,5001-LEFT,MaleM,Male,2011,2016,5,14
5001,5001-RIGHT,MaleM,Male,2011,2016,5,8
5002,5002-LEFT,UNK,UNK,2011,2016,5,10
5002,5002-RIGHT,UNK,UNK,2011,2016,5,9
5003,5003-LEFT,MaleM,UNK,2010,2019,9,24
5005,5005-RIGHT,UNK,UNK,2011,2011,0,3
5006,5006-LEFT,UNK,UNK,2011,2011,0,3
5007,5007-LEFT,UNK,UNK,2011,2011,0,2
5009,5009-LEFT,FemaleJ,Female,2010,2013,3,12
5009,5009-RIGHT,FemaleJ,Female,2010,2013,3,8
501,501-LEFT,UNK,UNK,1990,1990,0,3
5011,5011-LEFT,UNK,UNK,2011,2011,0,1
5011,5011-RIGHT,UNK,UNK,2011,2011,0,2
5015,5015-RIGHT,UNK,UNK,2011,2011,0,3
5016,5016-RIGHT,UNK,UNK,2011,2011,0,3
5018,5018-LEFT,MaleM,UNK,2011,2019,8,15
5018,5018-RIGHT,MaleM,UNK,2011,2019,8,17
5019,5019-LEFT,MaleM,Male,2010,2016,6,7
5019,5019-RIGHT,Female,UNK,2010,2019,9,2
5019,5019-RIGHT,MaleM,Male,2010,2019,9,8
5021,5021-RIGHT,UNK,UNK,2011,2011,0,4
5024,5024-LEFT,UNK,UNK,2011,2016,5,13
5025,5025-RIGHT,UNK,UNK,2010,2019,9,18
5026,5026-RIGHT,UNK,UNK,2010,2011,1,6
5027,5027-LEFT,UNK,UNK,2011,2013,2,6
5027,5027-RIGHT,UNK,UNK,2011,2013,2,6
5028,5028-LEFT,UNK,UNK,2010,2011,1,6
5029,5029-LEFT,FemaleJ,Female,2010,2016,6,18
5031,5031-LEFT,MaleM,UNK,2010,2011,1,10
5032,5032-LEFT,UNK,UNK,2010,2011,1,9
5033,5033-RIGHT,UNK,UNK,2010,2011,1,9
5035,5035-LEFT,MaleM,UNK,2011,2011,0,2
5035,5035-RIGHT,MaleM,UNK,2010,2019,9,30
5036,5036-LEFT,MaleM,UNK,2010,2019,9,27
5039,5039-RIGHT,MaleM,UNK,2010,2011,1,12
504,504-LEFT,MaleM,UNK,1990,1990,0,2
5041,5041-LEFT,UNK,UNK,2011,2011,0,3
5043,5043-LEFT,UNK,UNK,2011,2011,0,2
5044,5044-LEFT,MaleM,UNK,2010,2011,1,8
5045,5045-RIGHT,UNK,UNK,2011,2011,0,3
5047,5047-RIGHT,UNK,UNK,2011,2011,0,2
5049,5049-LEFT,MaleM,UNK,2011,2011,0,3
5052,5052-LEFT,UNK,UNK,2011,2011,0,4
5052,5052-RIGHT,UNK,UNK,2011,2011,0,4
5053,5053-RIGHT,UNK,UNK,2011,2011,0,3
5059,5059-RIGHT,MaleM,UNK,2011,2019,8,20
506,506-RIGHT,UNK,UNK,1993,1993,0,2
5061,5061-LEFT,MaleM,Male,2011,2016,5,18
5061,5061-RIGHT,MaleM,Male,2011,2016,5,13
5063,5063-RIGHT,MaleM,UNK,2011,2011,0,3
5064,5064-RIGHT,UNK,UNK,2011,2011,0,2
5065,5065-LEFT,UNK,UNK,2011,2011,0,4
5065,5065-RIGHT,UNK,UNK,2011,2011,0,1
5066,5066-RIGHT,MaleM,UNK,2011,2011,0,4
5067,5067-RIGHT,UNK,UNK,2010,2019,9,25
5068,5068-LEFT,MaleM,UNK,2011,2021,10,18
5068,5068-RIGHT,MaleM,UNK,2011,2019,8,14
5069,5069-LEFT,UNK,UNK,2010,2011,1,11
5069,5069-RIGHT,UNK,UNK,2010,2011,1,7
507,507-LEFT,UNK,UNK,1993,2001,8,10
507,507-RIGHT,UNK,UNK,1990,2001,11,11
5071,5071-LEFT,MaleM,UNK,2011,2017,6,18
5071,5071-RIGHT,MaleM,UNK,2011,2016,5,9
5075,5075-LEFT,MaleM,UNK,2010,2016,6,18
5075,5075-RIGHT,MaleM,UNK,2010,2016,6,16
5078,5078-LEFT,UNK,UNK,2010,2021,11,28
5079,5079-RIGHT,UNK,UNK,2011,2011,0,3
508,508-LEFT,UNK,UNK,1990,1994,4,4
508,508-RIGHT,UNK,UNK,1990,1994,4,2
5080,5080-RIGHT,UNK,UNK,2010,2019,9,30
5081,5081-LEFT,UNK,UNK,2011,2011,0,4
5088,5088-RIGHT,UNK,UNK,2010,2011,1,7
509,509-LEFT,MaleM,UNK,1990,1997,7,6
509,509-RIGHT,MaleM,UNK,1990,1997,7,4
5090,5090-LEFT,UNK,UNK,2011,2011,0,3
5091,5091-LEFT,UNK,UNK,2011,2016,5,5
5092,5092-RIGHT,UNK,UNK,2010,2019,9,14
5099,5099-RIGHT,UNK,UNK,2011,2011,0,3
51,51-LEFT,UNK,UNK,1990,1990,0,4
51,51-RIGHT,UNK,UNK,1989,1990,1,5
510,510-RIGHT,UNK,UNK,1990,1990,0,2
5103,5103-LEFT,UNK,UNK,2011,2011,0,2
5104,5104-RIGHT,MaleM,UNK,2010,2016,6,14
5106,5106-LEFT,UNK,UNK,2010,2011,1,8
5108,5108-LEFT,UNK,UNK,2011,2021,10,11
5108,5108-RIGHT,UNK,UNK,2011,2021,10,12
5109,5109-LEFT,UNK,UNK,2010,2021,11,20
5110,5110-LEFT,UNK,UNK,2011,2011,0,3
5111,5111-RIGHT,MaleM,UNK,2010,2021,11,22
5112,5112-LEFT,Female,UNK,2010,2019,9,4
5112,5112-LEFT,FemaleJ,Female,2010,2019,9,13
5113,5113-LEFT,UNK,UNK,2010,2011,1,8
5114,5114-RIGHT,MaleM,UNK,2010,2021,11,18
5115,5115-RIGHT,UNK,UNK,2011,2011,0,3
5116,5116-LEFT,UNK,UNK,2011,2011,0,3
5117,5117-LEFT,UNK,UNK,2011,2011,0,3
5118,5118-RIGHT,UNK,UNK,2011,2011,0,3
5119,5119-RIGHT,UNK,UNK,2011,2011,0,3
5123,5123-RIGHT,UNK,UNK,2011,2011,0,3
5124,5124-RIGHT,UNK,UNK,2011,2011,0,4
5125,5125-LEFT,UNK,UNK,2011,2011,0,3
5126,5126-LEFT,UNK,UNK,2011,2011,0,4
5127,5127-LEFT,MaleM,UNK,2011,2011,0,4
5127,5127-RIGHT,MaleM,UNK,2010,2016,6,9
5128,5128-RIGHT,UNK,UNK,2011,2011,0,4
5129,5129-RIGHT,UNK,UNK,2011,2011,0,4
5130,5130-RIGHT,UNK,UNK,2010,2011,1,6
5131,5131-LEFT,UNK,UNK,2011,2011,0,3
5132,5132-LEFT,UNK,UNK,2011,2021,10,16
5132,5132-RIGHT,UNK,UNK,2011,2021,10,11
5133,5133-LEFT,UNK,UNK,2011,2015,4,5
5135,5135-LEFT,UNK,UNK,2011,2011,0,3
5135,5135-RIGHT,UNK,UNK,2011,2015,4,4
5136,5136-RIGHT,UNK,UNK,2011,2011,0,2
5137,5137-LEFT,MaleM,UNK,2010,2011,1,5
5139,5139-RIGHT,UNK,UNK,2011,2011,0,2
5140,5140-LEFT,UNK,UNK,2011,2011,0,2
5141,5141-RIGHT,UNK,UNK,2011,2011,0,2
5142,5142-RIGHT,UNK,UNK,2011,2011,0,3
5144,5144-RIGHT,UNK,UNK,2010,2016,6,9
5145,5145-LEFT,UNK,UNK,2011,2011,0,3
5146,5146-LEFT,UNK,UNK,2011,2011,0,2
5146,5146-RIGHT,UNK,UNK,2011,2011,0,2
5147,5147-RIGHT,UNK,UNK,2011,2011,0,1
5148,5148-RIGHT,UNK,UNK,2010,2011,1,7
5149,5149-LEFT,UNK,UNK,2011,2011,0,2
5150,5150-LEFT,UNK,UNK,2011,2011,0,2
5151,5151-RIGHT,UNK,UNK,2011,2011,0,3
5154,5154-RIGHT,UNK,UNK,2010,2011,1,4
5158,5158-LEFT,MaleM,UNK,2010,2017,7,18
5158,5158-RIGHT,MaleM,UNK,2010,2017,7,12
5159,5159-RIGHT,MaleM,Male,2011,2017,6,20
5161,5161-LEFT,MaleM,UNK,2010,2011,1,7
5163,5163-LEFT,UNK,UNK,2011,2011,0,1
5165,5165-LEFT,MaleM,UNK,2010,2017,7,19
5166,5166-LEFT,UNK,UNK,2011,2011,0,2
5168,5168-RIGHT,UNK,UNK,2011,2011,0,1
5169,5169-LEFT,UNK,UNK,2011,2011,0,2
5169,5169-RIGHT,UNK,UNK,2011,2011,0,2
5170,5170-RIGHT,UNK,UNK,2011,2011,0,4
5172,5172-LEFT,UNK,UNK,2011,2011,0,3
5173,5173-RIGHT,UNK,UNK,2011,2011,0,2
5179,5179-LEFT,UNK,UNK,2011,2011,0,2
5179,5179-RIGHT,UNK,UNK,2011,2011,0,2
518,518-LEFT,UNK,UNK,1990,1998,8,7
518,518-RIGHT,UNK,UNK,1990,1998,8,6
5180,5180-LEFT,UNK,UNK,2011,2011,0,3
5183,5183-LEFT,UNK,UNK,2011,2011,0,3
5184,5184-LEFT,UNK,UNK,2010,2011,1,6
5185,5185-RIGHT,UNK,UNK,2011,2011,0,3
5189,5189-RIGHT,UNK,UNK,2011,2011,0,2
5191,5191-LEFT,UNK,UNK,2011,2011,0,3
5193,5193-RIGHT,UNK,UNK,2010,2011,1,6
5194,5194-LEFT,MaleM,UNK,2011,2021,10,27
5194,5194-RIGHT,MaleM,UNK,2011,2021,10,20
5196,5196-LEFT,UNK,UNK,2011,2011,0,2
5197,5197-LEFT,UNK,UNK,2011,2011,0,4
5198,5198-RIGHT,UNK,UNK,2011,2011,0,2
5199,5199-LEFT,UNK,UNK,2011,2021,10,7
5199,5199-RIGHT,UNK,UNK,2011,2021,10,5
52,52-RIGHT,UNK,UNK,1989,1989,0,2
5201,5201-LEFT,UNK,UNK,2011,2011,0,3
5202,5202-RIGHT,UNK,UNK,2011,2011,0,3
5203,5203-LEFT,UNK,UNK,2011,2011,0,2
5204,5204-LEFT,UNK,UNK,2011,2011,0,1
5205,5205-LEFT,UNK,UNK,2011,2011,0,1
5206,5206-RIGHT,UNK,UNK,2011,2019,8,11
5208,5208-RIGHT,UNK,UNK,2011,2011,0,1
5214,5214-RIGHT,UNK,UNK,2011,2011,0,1
5216,5216-RIGHT,UNK,UNK,2011,2011,0,2
5217,5217-LEFT,UNK,UNK,2011,2011,0,3
5220,5220-LEFT,UNK,UNK,2011,2011,0,2
5221,5221-LEFT,UNK,UNK,2011,2011,0,1
5222,5222-LEFT,UNK,UNK,2011,2011,0,2
5223,5223-RIGHT,UNK,UNK,2010,2010,0,6
5228,5228-RIGHT,UNK,UNK,2011,2011,0,1
5229,5229-RIGHT,UNK,UNK,2011,2015,4,9
531,531-LEFT,UNK,UNK,1990,2015,25,25
531,531-RIGHT,UNK,UNK,1990,2016,26,29
532,532-RIGHT,UNK,UNK,1990,1990,0,1
537,537-RIGHT,UNK,UNK,1990,1990,0,3
539,539-LEFT,UNK,UNK,1990,1990,0,1
54,54-LEFT,Female,UNK,1989,2021,32,3
54,54-LEFT,FemaleJ,Female,1989,2021,32,47
54,54-RIGHT,Female,UNK,1989,2021,32,3
54,54-RIGHT,FemaleJ,Female,1989,2021,32,41
544,544-LEFT,UNK,UNK,1990,1990,0,1
545,545-LEFT,UNK,UNK,1990,1990,0,1
547,547-RIGHT,UNK,UNK,1990,1990,0,2
549,549-LEFT,MaleM,UNK,1990,2002,12,21
554,554-RIGHT,UNK,UNK,1990,1990,0,1
555,555-RIGHT,UNK,UNK,1990,1990,0,2
558,558-LEFT,MaleM,UNK,1990,2006,16,3
56,56-LEFT,UNK,UNK,2006,2006,0,3
56,56-RIGHT,UNK,UNK,1998,1998,0,3
561,561-LEFT,UNK,UNK,1990,1990,0,1
562,562-LEFT,MaleM,UNK,1990,1990,0,2
563,563-RIGHT,UNK,UNK,1990,1990,0,1
57,57-LEFT,UNK,UNK,1990,2001,11,4
57,57-RIGHT,UNK,UNK,1989,2001,12,9
572,572-LEFT,UNK,UNK,1991,1991,0,1
59,59-LEFT,UNK,UNK,1990,1990,0,7
59,59-RIGHT,UNK,UNK,1990,1997,7,5
5908,5908-RIGHT,UNK,UNK,2010,2010,0,2
5910,5910-RIGHT,UNK,UNK,2010,2010,0,4
5919,5919-LEFT,UNK,UNK,2010,2010,0,7
5926,5926-RIGHT,UNK,UNK,2010,2010,0,9
5963,5963-RIGHT,UNK,UNK,2010,2013,3,6
5986,5986-LEFT,UNK,UNK,2010,2010,0,1
6,6-LEFT,UNK,UNK,1989,1989,0,2
6000,6000-LEFT,MaleM,UNK,2013,2013,0,3
6000,6000-RIGHT,MaleM,UNK,2013,2013,0,3
6001,6001-LEFT,MaleM,UNK,2013,2013,0,2
6002,6002-LEFT,UNK,UNK,2013,2016,3,6
6003,6003-LEFT,MaleM,UNK,2013,2019,6,11
6003,6003-RIGHT,MaleM,UNK,2016,2019,3,10
6004,6004-LEFT,UNK,UNK,2013,2013,0,3
6005,6005-LEFT,MaleM,UNK,2013,2013,0,3
6006,6006-LEFT,UNK,UNK,2013,2013,0,4
6007,6007-LEFT,UNK,UNK,2013,2013,0,2
6008,6008-LEFT,UNK,UNK,2013,2019,6,3
6008,6008-RIGHT,UNK,UNK,2013,2019,6,4
6009,6009-LEFT,UNK,UNK,2013,2013,0,2
6009,6009-RIGHT,UNK,UNK,2013,2013,0,2
6010,6010-LEFT,UNK,UNK,2013,2016,3,8
6011,6011-LEFT,UNK,UNK,2013,2013,0,3
6012,6012-LEFT,UNK,UNK,2013,2013,0,2
6013,6013-LEFT,UNK,UNK,2013,2013,0,2
6014,6014-LEFT,MaleM,UNK,2013,2013,0,3
6015,6015-LEFT,UNK,UNK,2013,2015,2,5
6015,6015-RIGHT,UNK,UNK,2013,2015,2,6
6016,6016-LEFT,MaleM,UNK,2013,2017,4,19
6017,6017-LEFT,MaleM,UNK,2013,2017,4,13
6018,6018-LEFT,UNK,UNK,2013,2013,0,4
6019,6019-LEFT,UNK,UNK,2013,2013,0,2
6020,6020-LEFT,UNK,UNK,2013,2013,0,1
6021,6021-LEFT,UNK,UNK,2013,2021,8,10
6022,6022-RIGHT,UNK,UNK,2013,2021,8,10
6023,6023-RIGHT,UNK,UNK,2013,2013,0,3
6024,6024-RIGHT,UNK,UNK,2013,2013,0,3
6025,6025-RIGHT,UNK,UNK,2013,2017,4,16
6026,6026-RIGHT,Female,UNK,2013,2021,8,22
6027,6027-LEFT,UNK,UNK,2017,2017,0,2
6027,6027-RIGHT,UNK,UNK,2013,2017,4,5
6028,6028-RIGHT,UNK,UNK,2013,2013,0,3
6029,6029-RIGHT,UNK,UNK,2013,2013,0,2
6031,6031-RIGHT,UNK,UNK,2013,2013,0,4
6032,6032-RIGHT,UNK,UNK,2013,2013,0,3
6033,6033-RIGHT,UNK,UNK,2013,2013,0,1
6034,6034-RIGHT,UNK,UNK,2013,2013,0,3
6035,6035-RIGHT,MaleM,UNK,2013,2013,0,4
604,604-LEFT,UNK,UNK,1993,1993,0,2
605,605-RIGHT,UNK,UNK,1993,1993,0,1
606,606-LEFT,MaleM,UNK,1997,2013,16,22
606,606-RIGHT,MaleM,UNK,1993,2013,20,17
607,607-LEFT,UNK,UNK,1993,1993,0,2
61,61-LEFT,UNK,UNK,1989,1993,4,7
61,61-RIGHT,UNK,UNK,1989,1993,4,6
6100,6100-LEFT,UNK,UNK,2015,2015,0,3
6101,6101-LEFT,UNK,UNK,2015,2015,0,3
6102,6102-LEFT,MaleM,UNK,2015,2021,6,15
6102,6102-RIGHT,MaleM,UNK,2015,2021,6,13
6103,6103-LEFT,UNK,UNK,2015,2015,0,4
6104,6104-LEFT,UNK,UNK,2015,2019,4,14
6105,6105-LEFT,MaleM,Male,2015,2021,6,14
6105,6105-RIGHT,Female,UNK,2015,2021,6,3
6105,6105-RIGHT,MaleM,Male,2015,2021,6,12
6106,6106-LEFT,UNK,UNK,2015,2016,1,5
6107,6107-LEFT,UNK,UNK,2015,2015,0,3
6108,6108-LEFT,UNK,UNK,2015,2021,6,11
6109,6109-LEFT,UNK,UNK,2015,2015,0,2
6110,6110-LEFT,MaleM,UNK,2015,2015,0,6
6111,6111-LEFT,UNK,UNK,2015,2015,0,3
6112,6112-LEFT,MaleM,Male,2015,2016,1,12
6113,6113-LEFT,UNK,UNK,2015,2021,6,18
6114,6114-LEFT,UNK,UNK,2015,2015,0,2
6115,6115-LEFT,UNK,UNK,2015,2016,1,10
6116,6116-LEFT,UNK,UNK,2015,2015,0,3
6117,6117-LEFT,UNK,UNK,2015,2015,0,4
6118,6118-LEFT,FemaleJ,Female,2015,2015,0,3
6118,6118-RIGHT,FemaleJ,Female,2015,2015,0,3
6119,6119-LEFT,UNK,UNK,2015,2015,0,6
6120,6120-LEFT,UNK,UNK,2015,2019,4,9
6121,6121-LEFT,UNK,UNK,2015,2015,0,2
6122,6122-LEFT,MaleM,UNK,2015,2021,6,10
6122,6122-RIGHT,MaleM,UNK,2015,2021,6,10
6123,6123-LEFT,MaleM,UNK,2015,2019,4,12
6123,6123-RIGHT,MaleM,UNK,2015,2019,4,13
6124,6124-LEFT,UNK,UNK,2015,2015,0,3
6124,6124-RIGHT,UNK,UNK,2015,2015,0,3
6125,6125-LEFT,UNK,UNK,2015,2015,0,3
6126,6126-LEFT,UNK,UNK,2015,2016,1,5
6127,6127-LEFT,UNK,UNK,2015,2015,0,4
6128,6128-LEFT,UNK,UNK,2015,2016,1,12
6129,6129-LEFT,UNK,UNK,2015,2019,4,5
613,613-LEFT,UNK,UNK,1993,1993,0,2
6130,6130-LEFT,UNK,UNK,2015,2021,6,22
6131,6131-LEFT,UNK,UNK,2015,2015,0,3
6132,6132-LEFT,UNK,UNK,2015,2015,0,2
6133,6133-LEFT,MaleM,Male,2015,2016,1,8
6134,6134-LEFT,UNK,UNK,2015,2021,6,5
6135,6135-LEFT,UNK,UNK,2015,2015,0,4
6136,6136-LEFT,UNK,UNK,2015,2015,0,3
6137,6137-LEFT,UNK,UNK,2015,2015,0,2
6138,6138-LEFT,MaleM,UNK,2015,2021,6,8
6138,6138-RIGHT,MaleM,UNK,2015,2021,6,6
6139,6139-LEFT,MaleM,UNK,2015,2019,4,10
6140,6140-LEFT,UNK,UNK,2015,2021,6,9
6141,6141-LEFT,UNK,UNK,2015,2021,6,10
6141,6141-RIGHT,UNK,UNK,2016,2021,5,9
6142,6142-LEFT,UNK,UNK,2015,2021,6,15
6142,6142-RIGHT,UNK,UNK,2015,2021,6,13
6143,6143-LEFT,UNK,UNK,2015,2016,1,4
6144,6144-LEFT,UNK,UNK,2015,2016,1,4
6145,6145-LEFT,UNK,UNK,2015,2019,4,11
6146,6146-LEFT,UNK,UNK,2015,2015,0,2
6147,6147-LEFT,UNK,UNK,2015,2016,1,9
6148,6148-LEFT,UNK,UNK,2015,2015,0,2
6148,6148-RIGHT,UNK,UNK,2015,2015,0,5
6149,6149-LEFT,UNK,UNK,2015,2015,0,3
6150,6150-RIGHT,UNK,UNK,2015,2016,1,7
6151,6151-RIGHT,UNK,UNK,2015,2019,4,10
6153,6153-RIGHT,UNK,UNK,2015,2021,6,9
6154,6154-RIGHT,UNK,UNK,2015,2015,0,3
6155,6155-RIGHT,UNK,UNK,2015,2015,0,4
6156,6156-RIGHT,UNK,UNK,2015,2021,6,17
6158,6158-RIGHT,UNK,UNK,2015,2015,0,6
6159,6159-RIGHT,UNK,UNK,2015,2015,0,8
6160,6160-RIGHT,UNK,UNK,2015,2016,1,6
6161,6161-RIGHT,UNK,UNK,2015,2016,1,9
6162,6162-RIGHT,UNK,UNK,2015,2015,0,6
6163,6163-RIGHT,MaleM,Male,2015,2015,0,3
6164,6164-RIGHT,UNK,UNK,2015,2015,0,4
6166,6166-RIGHT,UNK,UNK,2015,2015,0,2
6167,6167-RIGHT,FemaleJ,Female,2015,2016,1,8
6168,6168-RIGHT,UNK,UNK,2015,2015,0,7
6169,6169-RIGHT,UNK,UNK,2015,2015,0,3
617,617-LEFT,UNK,UNK,1993,1996,3,4
6170,6170-RIGHT,UNK,UNK,2015,2015,0,6
6171,6171-RIGHT,UNK,UNK,2015,2019,4,8
6172,6172-RIGHT,UNK,UNK,2015,2016,1,9
6173,6173-RIGHT,UNK,UNK,2015,2016,1,4
6174,6174-RIGHT,UNK,UNK,2015,2015,0,2
6175,6175-RIGHT,MaleM,UNK,2015,2015,0,5
6176,6176-RIGHT,UNK,UNK,2015,2015,0,4
6177,6177-RIGHT,UNK,UNK,2015,2015,0,3
6178,6178-RIGHT,UNK,UNK,2015,2016,1,9
6179,6179-RIGHT,UNK,UNK,2015,2015,0,2
618,618-RIGHT,UNK,UNK,1993,1993,0,1
6180,6180-RIGHT,UNK,UNK,2015,2015,0,4
6181,6181-RIGHT,UNK,UNK,2015,2015,0,3
6182,6182-RIGHT,UNK,UNK,2015,2015,0,3
6183,6183-RIGHT,UNK,UNK,2015,2015,0,2
6185,6185-RIGHT,UNK,UNK,2015,2017,2,6
6186,6186-RIGHT,MaleM,UNK,2015,2015,0,2
6187,6187-RIGHT,UNK,UNK,2015,2015,0,2
6188,6188-RIGHT,UNK,UNK,2015,2015,0,3
6189,6189-RIGHT,UNK,UNK,2015,2015,0,4
619,619-LEFT,FemaleJ,Female,1993,1997,4,5
619,619-RIGHT,FemaleJ,Female,1993,1997,4,6
62,62-LEFT,UNK,UNK,1989,1989,0,2
6200,6200-LEFT,UNK,UNK,2016,2016,0,3
6201,6201-LEFT,MaleM,UNK,2016,2021,5,14
6202,6202-LEFT,UNK,UNK,2016,2016,0,2
6203,6203-LEFT,FemaleJ,Female,2016,2016,0,6
6203,6203-RIGHT,Female,UNK,2016,2019,3,2
6203,6203-RIGHT,FemaleJ,Female,2016,2019,3,8
6205,6205-LEFT,UNK,UNK,2016,2021,5,6
6206,6206-LEFT,UNK,UNK,2016,2016,0,6
6207,6207-LEFT,UNK,UNK,2016,2016,0,5
6208,6208-LEFT,UNK,UNK,2016,2021,5,11
6209,6209-LEFT,UNK,UNK,2016,2016,0,4
6210,6210-LEFT,MaleM,UNK,2016,2021,5,15
6210,6210-RIGHT,MaleM,UNK,2016,2021,5,8
6211,6211-LEFT,UNK,UNK,2016,2019,3,6
6212,6212-LEFT,UNK,UNK,2016,2016,0,3
6213,6213-LEFT,UNK,UNK,2016,2016,0,6
6214,6214-LEFT,UNK,UNK,2016,2016,0,4
6215,6215-LEFT,UNK,UNK,2016,2016,0,3
6216,6216-LEFT,UNK,UNK,2016,2016,0,5
6217,6217-LEFT,UNK,UNK,2016,2016,0,3
6218,6218-LEFT,UNK,UNK,2016,2016,0,3
6219,6219-LEFT,UNK,UNK,2016,2016,0,2
6220,6220-LEFT,UNK,UNK,2016,2016,0,2
6221,6221-LEFT,UNK,UNK,2016,2016,0,3
6222,6222-LEFT,UNK,UNK,2016,2016,0,2
6222,6222-RIGHT,UNK,UNK,2016,2016,0,3
6223,6223-LEFT,UNK,UNK,2016,2016,0,2
6224,6224-LEFT,Female,UNK,2016,2019,3,5
6224,6224-LEFT,FemaleJ,Female,2016,2019,3,9
6225,6225-LEFT,UNK,UNK,2016,2016,0,2
6226,6226-LEFT,UNK,UNK,2016,2021,5,12
6226,6226-RIGHT,UNK,UNK,2016,2021,5,6
6227,6227-LEFT,UNK,UNK,2016,2019,3,6
6228,6228-LEFT,UNK,UNK,2016,2016,0,3
6228,6228-RIGHT,UNK,UNK,2016,2016,0,3
6229,6229-LEFT,UNK,UNK,2016,2016,0,2
623,623-LEFT,UNK,UNK,1993,1993,0,3
6230,6230-RIGHT,UNK,UNK,2016,2016,0,4
6231,6231-RIGHT,UNK,UNK,2016,2021,5,11
6232,6232-RIGHT,UNK,UNK,2016,2017,1,8
6233,6233-RIGHT,MaleM,UNK,2016,2017,1,12
6234,6234-RIGHT,UNK,UNK,2016,2016,0,4
6235,6235-RIGHT,UNK,UNK,2016,2019,3,9
6236,6236-RIGHT,FemaleJ,Female,2016,2016,0,4
6237,6237-RIGHT,UNK,UNK,2016,2021,5,6
6238,6238-RIGHT,FemaleJ,Female,2016,2016,0,5
6239,6239-RIGHT,UNK,UNK,2016,2021,5,16
624,624-RIGHT,UNK,UNK,1993,1999,6,13
6240,6240-RIGHT,UNK,UNK,2016,2016,0,5
6241,6241-RIGHT,UNK,UNK,2016,2016,0,3
6242,6242-RIGHT,UNK,UNK,2016,2019,3,8
6243,6243-RIGHT,UNK,UNK,2016,2016,0,4
6244,6244-RIGHT,UNK,UNK,2016,2016,0,4
6245,6245-RIGHT,UNK,UNK,2016,2016,0,6
6246,6246-LEFT,UNK,UNK,2019,2021,2,6
6246,6246-RIGHT,UNK,UNK,2016,2021,5,10
6247,6247-RIGHT,UNK,UNK,2016,2016,0,2
6248,6248-RIGHT,UNK,UNK,2016,2016,0,4
6249,6249-RIGHT,UNK,UNK,2016,2016,0,1
625,625-RIGHT,UNK,UNK,1993,1993,0,2
6250,6250-RIGHT,UNK,UNK,2016,2016,0,2
6251,6251-RIGHT,UNK,UNK,2016,2016,0,3
6252,6252-RIGHT,UNK,UNK,2016,2016,0,3
6253,6253-RIGHT,UNK,UNK,2016,2016,0,3
6254,6254-RIGHT,UNK,UNK,2016,2019,3,10
6255,6255-RIGHT,UNK,UNK,2016,2016,0,2
6256,6256-RIGHT,UNK,UNK,2016,2021,5,6
6257,6257-LEFT,MaleM,UNK,2016,2017,1,6
6258,6258-RIGHT,UNK,UNK,2016,2016,0,2
626,626-RIGHT,UNK,UNK,1993,1993,0,1
629,629-LEFT,UNK,UNK,1993,1994,1,3
629,629-RIGHT,UNK,UNK,1993,1994,1,6
63,63-RIGHT,UNK,UNK,1989,1990,1,5
6300,6300-LEFT,UNK,UNK,2017,2017,0,2
6301,6301-LEFT,UNK,UNK,2017,2017,0,2
6302,6302-RIGHT,UNK,UNK,2017,2019,2,9
6303,6303-RIGHT,UNK,UNK,2017,2017,0,2
633,633-LEFT,UNK,UNK,1993,1996,3,10
633,633-RIGHT,UNK,UNK,1993,1993,0,2
635,635-LEFT,UNK,UNK,1993,1997,4,4
635,635-RIGHT,UNK,UNK,1993,1993,0,2
64,64-LEFT,UNK,UNK,1990,1990,0,2
6400,6400-LEFT,UNK,UNK,2019,2021,2,6
6401,6401-LEFT,UNK,UNK,2019,2021,2,7
6402,6402-LEFT,UNK,UNK,2019,2019,0,3
6403,6403-LEFT,UNK,UNK,2019,2019,0,7
6404,6404-LEFT,UNK,UNK,2019,2019,0,5
6405,6405-LEFT,UNK,UNK,2019,2019,0,3
6406,6406-LEFT,UNK,UNK,2019,2019,0,5
6407,6407-LEFT,UNK,UNK,2019,2019,0,4
6408,6408-LEFT,UNK,UNK,2019,2019,0,5
6409,6409-LEFT,UNK,UNK,2019,2019,0,3
6410,6410-LEFT,UNK,UNK,2019,2019,0,3
6411,6411-LEFT,UNK,UNK,2019,2019,0,2
6412,6412-LEFT,UNK,UNK,2019,2019,0,3
6413,6413-LEFT,UNK,UNK,2019,2019,0,5
6414,6414-LEFT,UNK,UNK,2019,2019,0,3
6415,6415-LEFT,UNK,UNK,2019,2021,2,7
6415,6415-RIGHT,UNK,UNK,2019,2021,2,8
6416,6416-LEFT,UNK,UNK,2019,2019,0,4
6416,6416-RIGHT,UNK,UNK,2019,2019,0,2
6417,6417-LEFT,UNK,UNK,2019,2019,0,4
6418,6418-LEFT,Female,UNK,2019,2019,0,5
6418,6418-RIGHT,Female,UNK,2019,2019,0,3
6419,6419-LEFT,UNK,UNK,2019,2019,0,4
642,642-LEFT,UNK,UNK,1993,1993,0,1
642,642-RIGHT,UNK,UNK,1993,1993,0,2
6420,6420-LEFT,UNK,UNK,2019,2019,0,3
6421,6421-LEFT,UNK,UNK,2019,2019,0,5
6423,6423-LEFT,UNK,UNK,2019,2019,0,4
6423,6423-RIGHT,UNK,UNK,2019,2019,0,5
6425,6425-LEFT,UNK,UNK,2019,2019,0,3
6425,6425-RIGHT,UNK,UNK,2019,2019,0,1
6426,6426-LEFT,UNK,UNK,2019,2021,2,7
6427,6427-LEFT,UNK,UNK,2019,2021,2,10
6427,6427-RIGHT,UNK,UNK,2019,2021,2,4
6428,6428-LEFT,UNK,UNK,2019,2019,0,7
6429,6429-LEFT,UNK,UNK,2019,2019,0,3
6429,6429-RIGHT,UNK,UNK,2019,2019,0,5
6430,6430-LEFT,UNK,UNK,2019,2021,2,9
6431,6431-LEFT,UNK,UNK,2019,2021,2,5
6432,6432-LEFT,UNK,UNK,2019,2019,0,3
6433,6433-RIGHT,UNK,UNK,2019,2021,2,5
6435,6435-RIGHT,Female,UNK,2019,2019,0,3
6436,6436-RIGHT,UNK,UNK,2019,2019,0,3
6437,6437-RIGHT,UNK,UNK,2019,2019,0,6
6438,6438-RIGHT,UNK,UNK,2019,2019,0,3
6439,6439-RIGHT,UNK,UNK,2019,2019,0,3
644,644-RIGHT,UNK,UNK,1993,1993,0,2
6440,6440-RIGHT,UNK,UNK,2019,2019,0,5
6441,6441-LEFT,UNK,UNK,2019,2021,2,6
6441,6441-RIGHT,UNK,UNK,2019,2021,2,8
6442,6442-RIGHT,UNK,UNK,2019,2021,2,6
6443,6443-RIGHT,UNK,UNK,2019,2019,0,3
6445,6445-RIGHT,UNK,UNK,2019,2021,2,5
6446,6446-RIGHT,UNK,UNK,2019,2019,0,9
6447,6447-RIGHT,UNK,UNK,2019,2019,0,4
6448,6448-RIGHT,UNK,UNK,2019,2021,2,11
6449,6449-RIGHT,UNK,UNK,2019,2019,0,2
6450,6450-LEFT,UNK,UNK,2019,2021,2,7
6450,6450-RIGHT,UNK,UNK,2019,2021,2,5
6451,6451-RIGHT,UNK,UNK,2019,2019,0,4
6453,6453-RIGHT,UNK,UNK,2019,2019,0,5
6454,6454-RIGHT,UNK,UNK,2019,2019,0,2
6455,6455-RIGHT,UNK,UNK,2019,2019,0,4
6457,6457-RIGHT,UNK,UNK,2019,2021,2,6
649,649-LEFT,UNK,UNK,1996,2002,6,8
649,649-RIGHT,UNK,UNK,1993,2002,9,8
650,650-RIGHT,UNK,UNK,1993,1993,0,2
6501,6501-LEFT,UNK,UNK,2021,2021,0,2
6501,6501-RIGHT,UNK,UNK,2021,2021,0,2
6502,6502-LEFT,UNK,UNK,2021,2021,0,3
6503,6503-RIGHT,UNK,UNK,2021,2021,0,6
6504,6504-RIGHT,UNK,UNK,2021,2021,0,3
6505,6505-LEFT,UNK,UNK,2021,2021,0,2
6506,6506-LEFT,UNK,UNK,2021,2021,0,2
6507,6507-RIGHT,UNK,UNK,2021,2021,0,2
6508,6508-LEFT,UNK,UNK,2021,2021,0,3
6508,6508-RIGHT,UNK,UNK,2021,2021,0,4
6509,6509-LEFT,UNK,UNK,2021,2021,0,2
6512,6512-LEFT,UNK,UNK,2021,2021,0,4
6513,6513-LEFT,UNK,UNK,2021,2021,0,3
6514,6514-RIGHT,UNK,UNK,2021,2021,0,3
6515,6515-RIGHT,UNK,UNK,2021,2021,0,4
6516,6516-LEFT,UNK,UNK,2021,2021,0,4
6516,6516-RIGHT,UNK,UNK,2021,2021,0,4
6517,6517-LEFT,UNK,UNK,2021,2021,0,4
6518,6518-LEFT,UNK,UNK,2021,2021,0,3
6519,6519-LEFT,UNK,UNK,2021,2021,0,3
6521,6521-RIGHT,UNK,UNK,2021,2021,0,2
6522,6522-LEFT,UNK,UNK,2021,2021,0,2
6522,6522-RIGHT,UNK,UNK,2021,2021,0,2
6523,6523-LEFT,UNK,UNK,2021,2021,0,2
6524,6524-LEFT,UNK,UNK,2021,2021,0,2
6525,6525-RIGHT,UNK,UNK,2021,2021,0,6
6526,6526-RIGHT,UNK,UNK,2021,2021,0,4
6527,6527-LEFT,UNK,UNK,2021,2021,0,6
6528,6528-LEFT,UNK,UNK,2021,2021,0,5
6529,6529-LEFT,UNK,UNK,2021,2021,0,3
653,653-LEFT,UNK,UNK,1993,2001,8,11
653,653-RIGHT,UNK,UNK,1993,1999,6,17
6530,6530-LEFT,UNK,UNK,2021,2021,0,2
6531,6531-RIGHT,UNK,UNK,2021,2021,0,3
6532,6532-RIGHT,UNK,UNK,2021,2021,0,3
6533,6533-LEFT,UNK,UNK,2021,2021,0,2
6533,6533-RIGHT,UNK,UNK,2021,2021,0,2
6534,6534-LEFT,MaleM,UNK,2021,2021,0,2
6535,6535-LEFT,UNK,UNK,2021,2021,0,3
6535,6535-RIGHT,UNK,UNK,2021,2021,0,4
6536,6536-LEFT,MaleM,UNK,2021,2021,0,2
6537,6537-LEFT,UNK,UNK,2021,2021,0,4
6538,6538-RIGHT,UNK,UNK,2021,2021,0,3
6539,6539-LEFT,UNK,UNK,2021,2021,0,3
6539,6539-RIGHT,UNK,UNK,2021,2021,0,1
654,654-LEFT,UNK,UNK,1993,1993,0,2
6540,6540-RIGHT,UNK,UNK,2021,2021,0,2
6541,6541-LEFT,MaleM,UNK,2021,2021,0,3
6542,6542-RIGHT,UNK,UNK,2021,2021,0,5
6543,6543-LEFT,UNK,UNK,2021,2021,0,6
6544,6544-LEFT,UNK,UNK,2021,2021,0,1
6545,6545-LEFT,UNK,UNK,2021,2021,0,5
6546,6546-RIGHT,UNK,UNK,2021,2021,0,1
6547,6547-LEFT,UNK,UNK,2021,2021,0,4
6549,6549-RIGHT,UNK,UNK,2021,2021,0,3
6550,6550-LEFT,UNK,UNK,2021,2021,0,2
6551,6551-RIGHT,UNK,UNK,2021,2021,0,1
6552,6552-RIGHT,UNK,UNK,2021,2021,0,2
6553,6553-RIGHT,UNK,UNK,2021,2021,0,6
6554,6554-RIGHT,UNK,UNK,2021,2021,0,2
6555,6555-LEFT,UNK,UNK,2021,2021,0,3
6556,6556-RIGHT,MaleM,UNK,2021,2021,0,2
6557,6557-RIGHT,UNK,UNK,2021,2021,0,5
6558,6558-RIGHT,UNK,UNK,2021,2021,0,3
6559,6559-LEFT,UNK,UNK,2021,2021,0,2
6560,6560-LEFT,UNK,UNK,2021,2021,0,1
6561,6561-RIGHT,UNK,UNK,2021,2021,0,2
6563,6563-LEFT,UNK,UNK,2021,2021,0,3
6564,6564-RIGHT,UNK,UNK,2021,2021,0,3
6565,6565-LEFT,UNK,UNK,2021,2021,0,2
6566,6566-RIGHT,UNK,UNK,2021,2021,0,2
6567,6567-RIGHT,UNK,UNK,2021,2021,0,2
6568,6568-LEFT,UNK,UNK,2021,2021,0,5
66,66-RIGHT,UNK,UNK,1989,1989,0,1
667,667-LEFT,UNK,UNK,1993,1993,0,3
668,668-LEFT,UNK,UNK,1993,1993,0,2
67,67-RIGHT,UNK,UNK,1989,1989,0,2
674,674-LEFT,UNK,UNK,1993,2002,9,9
674,674-RIGHT,UNK,UNK,1993,2002,9,6
677,677-LEFT,FemaleJ,Female,1996,2002,6,13
677,677-RIGHT,FemaleJ,Female,1993,2002,9,10
683,683-LEFT,UNK,UNK,1993,1993,0,3
687,687-LEFT,UNK,UNK,1993,1993,0,2
688,688-RIGHT,UNK,UNK,1993,1993,0,1
69,69-LEFT,UNK,UNK,1989,1989,0,2
690,690-LEFT,UNK,UNK,1993,1993,0,2
699,699-LEFT,UNK,UNK,1993,1993,0,2
699,699-RIGHT,UNK,UNK,1993,1993,0,2
701,701-LEFT,UNK,UNK,1993,1993,0,3
702,702-RIGHT,UNK,UNK,1993,1996,3,6
707,707-RIGHT,UNK,UNK,1993,1997,4,4
720,720-LEFT,UNK,UNK,1993,1993,0,2
722,722-RIGHT,UNK,UNK,1993,1993,0,1
723,723-LEFT,UNK,UNK,1993,1999,6,2
723,723-RIGHT,UNK,UNK,1999,1999,0,1
74,74-LEFT,MaleM,UNK,1990,1990,0,2
74,74-RIGHT,MaleM,UNK,1989,1990,1,3
75,75-RIGHT,UNK,UNK,1989,1989,0,2
76,76-LEFT,MaleM,Male,1989,2011,22,24
76,76-RIGHT,MaleM,Male,1989,2011,22,19
78,78-LEFT,UNK,UNK,1988,1990,2,6
8,8-RIGHT,UNK,UNK,1989,1989,0,3
801,801-LEFT,UNK,UNK,1994,1994,0,1
803,803-RIGHT,UNK,UNK,1994,1994,0,1
804,804-LEFT,MaleM,Male,1994,2002,8,23
804,804-RIGHT,MaleM,Male,1996,2017,21,52
810,810-RIGHT,UNK,UNK,1994,1994,0,1
811,811-LEFT,UNK,UNK,1994,1994,0,2
814,814-LEFT,UNK,UNK,1994,1994,0,1
818,818-LEFT,UNK,UNK,1994,1994,0,1
819,819-LEFT,UNK,UNK,1994,1994,0,3
822,822-RIGHT,UNK,UNK,1994,1994,0,1
824,824-LEFT,MaleM,Male,1994,2006,12,26
824,824-RIGHT,MaleM,Male,1994,2006,12,30
829,829-RIGHT,UNK,UNK,1994,1994,0,3
83,83-LEFT,UNK,UNK,1989,1990,1,4
83,83-RIGHT,UNK,UNK,1989,1990,1,4
830,830-RIGHT,UNK,UNK,1994,1994,0,1
832,832-LEFT,UNK,UNK,1994,2021,27,33
832,832-RIGHT,UNK,UNK,1999,1999,0,3
835,835-LEFT,UNK,UNK,1994,1994,0,2
837,837-LEFT,UNK,UNK,1994,1994,0,1
845,845-RIGHT,UNK,UNK,1994,1994,0,2
848,848-LEFT,UNK,UNK,1994,1994,0,6
849,849-LEFT,UNK,UNK,1994,1994,0,1
85,85-LEFT,UNK,UNK,1990,1990,0,3
85,85-RIGHT,UNK,UNK,1990,1990,0,2
850,850-LEFT,UNK,UNK,1994,1994,0,1
865,865-RIGHT,UNK,UNK,1994,1994,0,1
866,866-RIGHT,UNK,UNK,1994,1994,0,2
87,87-RIGHT,UNK,UNK,1989,1989,0,1
870,870-RIGHT,UNK,UNK,1994,1994,0,2
871,871-LEFT,UNK,UNK,1994,1994,0,2
882,882-LEFT,UNK,UNK,1994,1994,0,1
887,887-LEFT,UNK,UNK,1994,1994,0,2
89,89-LEFT,UNK,UNK,1989,2016,27,22
89,89-RIGHT,UNK,UNK,1989,2021,32,30
895,895-RIGHT,UNK,UNK,1994,1994,0,1
9,9-LEFT,UNK,UNK,1989,2002,13,9
9,9-RIGHT,UNK,UNK,1989,2002,13,9
90,90-RIGHT,UNK,UNK,1989,1989,0,2
905,905-RIGHT,MaleM,UNK,1994,1999,5,7
907,907-LEFT,UNK,UNK,1994,1996,2,5
909,909-RIGHT,UNK,UNK,1994,1996,2,4
91,91-RIGHT,UNK,UNK,1989,1996,7,5
915,915-LEFT,UNK,UNK,1994,1994,0,1
92,92-LEFT,MaleM,Male,1990,2016,26,24
92,92-RIGHT,MaleM,Male,1989,2016,27,23
94,94-LEFT,UNK,UNK,1990,1998,8,5
94,94-RIGHT,UNK,UNK,1989,1999,10,13
950,950-LEFT,UNK,UNK,1997,1998,1,7
950,950-RIGHT,UNK,UNK,1995,1998,3,11
952,952-LEFT,UNK,UNK,1995,2007,12,17
952,952-RIGHT,UNK,UNK,1995,2011,16,18
959,959-LEFT,UNK,UNK,1995,1995,0,2
959,959-RIGHT,UNK,UNK,1997,1997,0,2
961,961-LEFT,FemaleJ,Female,1997,2021,24,22
961,961-RIGHT,FemaleJ,Female,1995,2021,26,24
962,962-RIGHT,UNK,UNK,1995,1995,0,1
965,965-RIGHT,UNK,UNK,1995,1995,0,1
97,97-LEFT,UNK,UNK,1989,1989,0,2
970,970-RIGHT,UNK,UNK,1995,1995,0,1
971,971-LEFT,UNK,UNK,1995,1995,0,1
977,977-RIGHT,UNK,UNK,1995,1995,0,1
98,98-LEFT,UNK,UNK,1989,1990,1,4
9901,9901-LEFT,UNK,UNK,1989,1998,9,9
9902,9902-LEFT,UNK,UNK,1990,1993,3,5
9903,9903-LEFT,UNK,UNK,1996,1996,0,4
9904,9904-LEFT,UNK,UNK,1999,1999,0,1
9905,9905-LEFT,UNK,UNK,2003,2003,0,5
9906,9906-LEFT,UNK,UNK,1990,1990,0,2
9907,9907-LEFT,MaleM,Male,1996,1996,0,4
9908,9908-LEFT,UNK,UNK,1999,1999,0,3
9909,9909-LEFT,UNK,UNK,2003,2003,0,1
9910,9910-LEFT,UNK,UNK,1990,1990,0,2
9911,9911-LEFT,MaleM,UNK,1996,1999,3,11
9912,9912-RIGHT,UNK,UNK,1989,1990,1,5
9913,9913-RIGHT,UNK,UNK,1990,1990,0,4
9914,9914-RIGHT,UNK,UNK,1997,1999,2,4
9915,9915-RIGHT,UNK,UNK,1998,1998,0,3
9916,9916-RIGHT,UNK,UNK,1999,1999,0,4
9917,9917-RIGHT,UNK,UNK,2003,2003,0,3
9918,9918-RIGHT,UNK,UNK,2006,2021,15,16
9919,9919-RIGHT,MaleM,UNK,2010,2015,5,14
9920,9920-RIGHT,UNK,UNK,1996,1996,0,3
9921,9921-RIGHT,UNK,UNK,1996,1996,0,4
9922,9922-LEFT,UNK,UNK,2003,2003,0,2
